S.No,TableName,FolderName,FileName
1,Index_Table,,Index_Tbl.csv
2,Product_Config,config,Product_Config_Tbl_24Q3.csv
3,Run_Config,config,run_config.yaml
4,Policy_Data_ADB,policy_data,policy_data_ADB_rider.csv
5,Policy_Data_CI,policy_data,policy_data_CI_rider.csv
6,Policy_Data_ATPD,policy_data,policy_data_ATPD_rider.csv
7,Policy_Data_GCL,policy_data,policy_data_GCL.csv
8,Policy_Data_Term,policy_data,policy_data_Term.csv
9,Policy_Data_UL,policy_data,policy_data_UL.csv
10,Mortality_Table,assumptions,Mort_Tbl_24Q3.csv
11,Reinsurance_Mortality_Table,assumptions,Rein_Mort_Tbl_24Q3.csv
12,Reinsurance_Mortality_Table_GCL,assumptions,Rein_Mort_Tbl_GCL_24Q3.csv
13,Mortality_Support_Term,assumptions,Mort_Support_Term_Tbl_24Q3.csv
14,Mortality_Support_GCL,assumptions,Mort_Support_GCL_Tbl_24Q3.csv
15,Reinsurance_Mortality_Support_Term,assumptions,Reins_Mort_Support_Term_Tbl_24Q3.csv
16,Reinsurance_Mortality_Support_GCL,assumptions,Reins_Mort_Support_GCL_Tbl_24Q3.csv
17,Persistency_Rate_Term,assumptions,Persistency_Tbl_Term_24Q3.csv
18,Persistency_Rate_GCL,assumptions,Persistency_Tbl_GCL_24Q3.csv
19,Interest_Rate,assumptions,IntRt_Tbl_24Q3.csv
20,Expense_Rate_Term,assumptions,Exp_Tbl_Term_24Q3.csv
21,Expense_Rate_Rider,assumptions,Exp_Tbl_Rider_24Q3.csv
22,Expense_Rate_GCL,assumptions,Exp_Tbl_GCL_24Q3.csv
23,Commission_Rates_Term,assumptions,CommRt_Tbl_Term_24Q3.csv
24,Commission_Rates_GCL,assumptions,CommRt_Tbl_GCL_24Q3.csv
25,Morbidity_Table,assumptions,Morbidity_Riders_24Q3.csv
26,Reinsurance_Morbidity_Table,assumptions,Rein_Morbidity_Tbl_24Q3.csv
27,Premium_Modal_Factor,assumptions,Mod_Factor.csv
28,Sensitivity_Table_Valuation,assumptions,Sensitivities_2024Q3.csv
29,Sensitivity_Table_CRNHR_ADB,assumptions,Sensitivities_CRNHR_ADB_2024Q3.csv
30,Correlation_Matrix_CRNHR,assumptions,Correlation_Matrix_CRNHR.csv
31,Sensitivity_Table_CRNHR_CI_ATPD,assumptions,Sensitivities_CRNHR_CI_ATPD_2024Q3.csv
32,Bplan_Premiums,assumptions,Bplan_Premiums.csv
33,Sensitivity_Table_CRNHR_Term_GCL,assumptions,Sensitivities_CRNHR_Term_GCL_2024Q3.csv
34,Interest_Rate_IFRS17,assumptions,IntRt_Tbl_IFRS17.csv
35,Initial_Expense_Rate_Term_IFRS17,assumptions,Initial_Exp_Tbl_Term_IFRS17.csv
36,Initial_Expense_Rate_GCL_IFRS17,assumptions,Initial_Exp_Tbl_GCL_IFRS17.csv
37,Initial_Expense_Rate_Rider_IFRS17,assumptions,Initial_Exp_Tbl_Rider_IFRS17.csv
38,Renewal_Expense_Rate_Term_IFRS17,assumptions,Renewal_Exp_Tbl_Term_IFRS17.csv
39,Renewal_Expense_Rate_GCL_IFRS17,assumptions,Renewal_Exp_Tbl_GCL_IFRS17.csv
40,Renewal_Expense_Rate_Rider_IFRS17,assumptions,Renewal_Exp_Tbl_Rider_IFRS17.csv
