S. No,Product Config Variable,BASE_TERM,GCL,RIDER_CI,RIDER_ADB,RIDER_ATPD
1,Use Male Mortality for Female,1,1,1,1,1
2,Setback in years,3,3,3,3,3
3,Reserving Method,0,0,0,0,0
4,MAD_Mortality,0.1,2.75,-0.1,-0.1,-0.1
5,MAD_Lapse,-0.2,-0.2,-0.2,0.2,-0.2
6,MAD_Expense,0.1,0.1,0.1,0.1,0.1
7,MAD_Morbidity,NA,NA,0.1,0.1,0.1
8,Inflation,0.05,0.05,0.05,0.05,0.05
9,Tax Rate,0.1456,0.1456,0.1456,0.1456,0.1456
10,CSR,0.02,0.02,0.02,0.02,0.02
11,Part 1 SM,0.03,0.01,0.03,0.03,0.03
12,Part 2 SM,0.001,0.001,0,0.001,0
13,Part 1 net to gross factor,0.85,0.85,0.85,0.85,0.85
14,Part 2 net to gross factor,0.5,0.5,0,0.5,0.5
15,Solvency ratio,1.5,1.5,1.5,1.5,1.5
16,Operational Risk Charge - Earned Premium,0.04,0.04,0.04,0.04,0.04
17,Operational risk charge - Technical provisions,0.0045,0.0045,0.0045,0.0045,0.0045
18,Cost of Capital Charge,0.04,0.04,0.04,0.04,0.04
19,Interest Rate to calculate PV of expenses in CRNHR,0.075,0.075,0.075,0.075,0.075
20,Minimum SA Multiplier,7,7,7,7,7
21,Reinsurance Retention Limit abs,1500000,0,0,1500000,1500000
22,Reinsurance Retention Limit proportion,1,0.3,0.3,1,1
23,Int rate to calculate PV of WOP,NA,NA,0.045,0.045,0.065
24,Qx Mortality Proportion,NA,NA,0.54,0.54,0.54
25,Max term for which UPR to be held (months),NA,24,NA,NA,NA
26,CRNHR Expense Sensitivity,1.1,1.1,1.1,1.1,1.1
27,CRNHR Expense Inflation Stress,0.01,0.01,0.01,0.01,0.01
28,IFRS17 Multiplier Initial Expenses,1.26,0.067415336,1.26,1.26,1.26
29,IFRS17 Multiplier Renewal Expenses,1,1,1,1,1
30,IFRS17 Addition Renewal Expenses,0,0,0,0,0
31,IFRS 17 RA Ratio,0.087280568,0.008,0.087280568,0.087280568,0.087280568
32,IFRS 17 RI RA Ratio,-0.058580649,-0.01,-0.06,-0.058580649,-0.058580649
33,IFRS 17 v,0.998041046,0.998041046,0.998041046,0.998041046,0.998041046
34,IFRS 17 stress v,0.998829706,0.998829706,0.998829706,0.998829706,0.998829706
35,IFRS 17 stress inflation,0.004867551,0.004867551,0.004867551,0.004867551,0.004867551
36,IFRS 17 stress expense,1.1,1.1,1.1,1.1,1.1
37,IFRS17 Multiplier Initial Commission,0,1.2,0,0,0
