Policy Number,Product Code,Policy Start Date,Policy Term (Years),Premium Payment Term,Sum Assured,Rider Premium,Base Premium,Rider Option,Premium Frequency,Distribution Channel,Date of Birth,Age at Policy Start,Gender,Smoking Status,Underwriting category/ Medical status,EMR (Extra mortality Rate),Policy Status
ALFTP20240000043,Disability Rider,15-02-2024,17,17,1000000,241.48515,27450,3,1,1,,38,M,NS,11,,
ALFTP20240000148,Disability Rider,15-03-2024,43,43,1000000,240.324945,12855,3,1,1,,27,M,NS,10,,
ALFTP20240000335,Disability Rider,15-05-2024,29,29,3000000,644.23,7810,3,1,1,,31,F,NS,8,,
ALFTP20240000498,Disability Rider,15-07-2024,40,40,1000000,266.443794,24909,3,1,1,,30,M,NS,6,,
ALFTP20240001161,Disability Rider,15-11-2024,30,30,1000000,228.65262,9980,3,1,1,,30,M,NS,2,,
