Policy ID,Product Code,Partner Name,S.no,Premium,Loan Amount,EMI amount,Interest Rate,Mode,Age at Policy Start,PPT,Policy Term (Years),PT (Month),Gender,Smoker,Moratorium Period (months),Interest Accrue,Reducing SA,Sensitivity,Mortality - IALM loading vs flat dedn,Mortality Qx,RPM,Policy start month,Policy start date,EMR (Extra mortality Rate),Policy Status,Distribution Channel
PNBHFL00000763269,GCL,PNB,1,109155.00,3800000.00,57662.00,0.1,1,50,1,8,0,M,NS,1,1,1,1,1,65%,28.72488237,5,15-08-2024,,,1
PNBHFL00000763266,GCL,PNB,2,76315.00,3000000.00,32238.00,0.1,1,40,1,15,0,M,NS,1,1,1,1,1,65%,25.4384479,6,15-07-2024,,,1
PNBHFL00000808504,GCL,PNB,13,68467.00,3053850.00,35054.00,0.1,1,41,1,13,0,M,NS,1,1,1,1,1,65%,22.41975451,4,15-09-2024,,,1
PNBHFL00000853218,GCL,PNB,26,61855.00,1600000.00,26562.00,0.1,1,55,1,7,0,M,NS,1,1,1,1,1,65%,38.65922709,3,15-10-2024,,,1
PNBHFL00000853219,GCL,PNB,27,15464.00,400000.00,6640.00,0.1,1,55,1,7,0,M,NS,1,1,1,1,1,65%,38.65922709,3,15-10-2024,,,1
