Policy ID,Product Code,Partner Name,S.no,Premium,Loan Amount,EMI amount,Interest Rate,Mode,Age at Policy Start,PPT,Policy Term (Years),PT (Month),Gender,Smoker,Moratorium Period (months),Interest Accrue,Reducing SA,Sensitivity,Mortality - IALM loading vs flat dedn,Mortality Qx,RPM,Policy start month,Policy start date,EMR (Extra mortality Rate),Policy Status,Distribution Channel
LKART00000423571,GCL,LKART,1,14430.00,14430.00,32318.00,0.12,1,35,1,3,0,M,NS,0,0,0,1,1,1.2,14.83050843,10,15-03-2024,,,1
LKART00000268744,GCL,LKART,2,23032.00,23032.00,51582.00,0.12,1,37,1,3,0,M,NS,0,0,0,1,1,1.2,14.8305085,13,15-12-2023,,,1
LKART00000422563,GCL,LKART,3,37744.00,37744.00,84530.00,0.12,1,28,1,3,0,M,NS,0,0,0,1,1,1.2,14.83050849,11,15-02-2024,,,1
LKART00000939959,GCL,LKART,11790,12250.00,12250.00,27435.00,0.12,1,39,1,3,0,M,NS,0,0,0,1,1,1.2,14.83050847,2,15-11-2024,,,1
LKART00000889627,GCL,LKART,11791,5977.00,5977.00,13385.00,0.12,1,36,1,3,0,M,NS,0,0,0,1,1,1.2,14.83050844,2,15-11-2024,,,1
