Policy Number,Product Code,Policy Start Date,Policy Term (Years),Premium Payment Term,Sum Assured,Premium Amount,Premium Frequency,Distribution Channel,Date of Birth,Age at Policy Start,Gender,Smoking Status,Underwriting category/ Medical status,EMR (Extra mortality Rate),Policy Status
ALFTP20240000055,BASE_TERM,15-03-2024,31,31,10000000,9240,1,1,,29,M,NS,MNS,,
ALFTP20240000019,BASE_TERM,15-02-2024,35,35,20000000,21680,1,1,,35,F,NS,MNS,,
ALFTP20240000005,BASE_TERM,15-01-2024,21,21,10000000,36640,1,1,,49,M,NS,MNS,,
ALFTP20240000376,BASE_TERM,15-05-2024,25,25,10000000,12640,1,1,,35,M,NS,MNS,,
ALFTP20240001471,BASE_TERM,15-12-2024,19,19,10000000,17520,1,1,,41,M,NS,MNS,,
