Policy Number,Product Code,Policy Start Date,Policy Term (Years),Premium Payment Term,Sum Assured,Rider Premium,Base Premium,Rider Option,Premium Frequency,Distribution Channel,Date of Birth,Age at Policy Start,Gender,Smoking Status,Underwriting category/ Medical status,EMR (Extra mortality Rate),Policy Status
ALFTP20240000148,RIDER_CI,15-03-2024,43,43,1000000,2662.86032,10690,2,1,1,,27,M,NS,,,
ALFTP20230000001,RIDER_CI,15-12-2023,22,22,500000,2328.310435,10805,2,12,1,,38,M,S,,,
ALFTP20240000011,RIDER_CI,15-01-2024,40,40,1000000,4272.358,42680,2,12,1,,30,M,S,,,
ALFTP20240001463,RIDER_CI,15-12-2024,20,20,1000000,4992.24788,12790,2,1,1,,40,M,S,,,
ALFTP20240001459,RIDER_CI,15-12-2024,38,38,3000000,6786.832,11000,2,1,1,,27,M,NS,,,
