Policy Number,Product Code,Policy Start Date,Policy Term (Years),Premium Payment Term,Sum Assured,Rider Premium,Base Premium,Rider Option,Premium Frequency,Distribution Channel,Date of Birth,Age at Policy Start,Gender,Smoking Status,Underwriting category/ Medical status,EMR (Extra mortality Rate),Policy Status
ALFTP20240000172,Accidental Death,15-03-2024,25,25,2500000,1200,0,1,1,1,,35,M,NS,,,
ALFTP20240000350,Accidental Death,15-05-2024,29,29,1000000,480,0,1,1,1,,31,M,NS,,,
ALFTP20240000196,Accidental Death,15-04-2024,29,29,6000000,2880,0,1,1,1,,33,M,NS,,,
ALFTP20240000486,Accidental Death,15-06-2024,16,16,1500000,720,0,1,1,1,,44,M,S,,,
ALFTP20240001494,Accidental Death,15-12-2024,32,32,1000000,480,0,1,1,1,,28,M,NS,,,
