S. No,Expense_Type,SA,Expense_Category,Value
1,Initial,2500000,% of Prem,0.45
2,Initial,2500000,Fixed,1100
3,Initial,2500000,% of SA,0.0002
4,Initial,5000000,% of Prem,0.45
5,Initial,5000000,Fixed,1100
6,Initial,5000000,% of SA,0.0002
7,Initial,7500000,% of Prem,0.45
8,Initial,7500000,Fixed,1100
9,Initial,7500000,% of SA,0.0002
10,Initial,10000000,% of Prem,0.45
11,Initial,10000000,Fixed,1100
12,Initial,10000000,% of SA,0.0002
13,Initial,15000000,% of Prem,0.45
14,Initial,15000000,Fixed,1100
15,Initial,15000000,% of SA,0.0002
16,Renewal,,Fixed expenses,500
17,Renewal,,Claim expenses,0
18,Renewal,,% of Prem,0.01
