S. No,Expense_Type,SA,Expense_Category,Value,Calendar Year
1,Initial,2500000,% of Prem,0.45,
2,Initial,2500000,Fixed,1100,
3,Initial,2500000,% of SA,0.0002,
4,Initial,5000000,% of Prem,0.45,
5,Initial,5000000,Fixed,1100,
6,Initial,5000000,% of SA,0.0002,
7,Initial,7500000,% of Prem,0.45,
8,Initial,7500000,Fixed,1100,
9,Initial,7500000,% of SA,0.0002,
10,Initial,10000000,% of Prem,0.45,
11,Initial,10000000,Fixed,1100,
12,Initial,10000000,% of SA,0.0002,
13,Initial,15000000,% of Prem,0.45,
14,Initial,15000000,Fixed,1100,
15,Initial,15000000,% of SA,0.0002,
16,Renewal,,Fixed expenses,3463.418468,2024
17,Renewal,,Fixed expenses,0,2025
18,Renewal,,Fixed expenses,0,2026
19,Renewal,,Fixed expenses,0,2027
20,Renewal,,Fixed expenses,0,2028
21,Renewal,,Fixed expenses,0,2029
22,Renewal,,Fixed expenses,0,2030
23,Renewal,,Fixed expenses,0,2031
24,Renewal,,Fixed expenses,0,2032
25,Renewal,,Fixed expenses,0,2033
26,Renewal,,Fixed expenses,0,2034
27,Renewal,,Fixed expenses,0,2035
28,Renewal,,Fixed expenses,0,2036
29,Renewal,,Fixed expenses,0,2037
30,Renewal,,Fixed expenses,0,2038
31,Renewal,,Fixed expenses,0,2039
32,Renewal,,Fixed expenses,0,2040
33,Renewal,,Fixed expenses,0,2041
34,Renewal,,Fixed expenses,0,2042
35,Renewal,,Fixed expenses,0,2043
36,Renewal,,Fixed expenses,0,2044
37,Renewal,,Fixed expenses,0,2045
38,Renewal,,Fixed expenses,0,2046
39,Renewal,,Fixed expenses,0,2047
40,Renewal,,Fixed expenses,0,2048
41,Renewal,,Fixed expenses,0,2049
42,Renewal,,Fixed expenses,0,2050
43,Renewal,,Fixed expenses,0,2051
44,Renewal,,Fixed expenses,0,2052
45,Renewal,,Fixed expenses,0,2053
46,Renewal,,Fixed expenses,0,2054
47,Renewal,,Fixed expenses,0,2055
48,Renewal,,Fixed expenses,0,2056
49,Renewal,,Fixed expenses,0,2057
50,Renewal,,% of Prem,0,2024
51,Renewal,,% of Prem,1.18108008,2025
52,Renewal,,% of Prem,0.441899389,2026
53,Renewal,,% of Prem,0.209633796,2027
54,Renewal,,% of Prem,0.09857807,2028
55,Renewal,,% of Prem,0.043655204,2029
56,Renewal,,% of Prem,0.043655204,2030
57,Renewal,,% of Prem,0.043655204,2031
58,Renewal,,% of Prem,0.043655204,2032
59,Renewal,,% of Prem,0.043655204,2033
60,Renewal,,% of Prem,0.043655204,2034
61,Renewal,,% of Prem,0.043655204,2035
62,Renewal,,% of Prem,0.043655204,2036
63,Renewal,,% of Prem,0.043655204,2037
64,Renewal,,% of Prem,0.043655204,2038
65,Renewal,,% of Prem,0.043655204,2039
66,Renewal,,% of Prem,0.043655204,2040
67,Renewal,,% of Prem,0.043655204,2041
68,Renewal,,% of Prem,0.043655204,2042
69,Renewal,,% of Prem,0.043655204,2043
70,Renewal,,% of Prem,0.043655204,2044
71,Renewal,,% of Prem,0.043655204,2045
72,Renewal,,% of Prem,0.043655204,2046
73,Renewal,,% of Prem,0.043655204,2047
74,Renewal,,% of Prem,0.043655204,2048
75,Renewal,,% of Prem,0.043655204,2049
76,Renewal,,% of Prem,0.043655204,2050
77,Renewal,,% of Prem,0.043655204,2051
78,Renewal,,% of Prem,0.043655204,2052
79,Renewal,,% of Prem,0.043655204,2053
80,Renewal,,% of Prem,0.043655204,2054
81,Renewal,,% of Prem,0.043655204,2055
82,Renewal,,% of Prem,0.043655204,2056
83,Renewal,,% of Prem,0.043655204,2057
84,Renewal,,Claim expenses,0,2024
85,Renewal,,Claim expenses,0,2025
86,Renewal,,Claim expenses,0,2026
87,Renewal,,Claim expenses,0,2027
88,Renewal,,Claim expenses,0,2028
89,Renewal,,Claim expenses,0,2029
90,Renewal,,Claim expenses,0,2030
91,Renewal,,Claim expenses,0,2031
92,Renewal,,Claim expenses,0,2032
93,Renewal,,Claim expenses,0,2033
94,Renewal,,Claim expenses,0,2034
95,Renewal,,Claim expenses,0,2035
96,Renewal,,Claim expenses,0,2036
97,Renewal,,Claim expenses,0,2037
98,Renewal,,Claim expenses,0,2038
99,Renewal,,Claim expenses,0,2039
100,Renewal,,Claim expenses,0,2040
101,Renewal,,Claim expenses,0,2041
102,Renewal,,Claim expenses,0,2042
103,Renewal,,Claim expenses,0,2043
104,Renewal,,Claim expenses,0,2044
105,Renewal,,Claim expenses,0,2045
106,Renewal,,Claim expenses,0,2046
107,Renewal,,Claim expenses,0,2047
108,Renewal,,Claim expenses,0,2048
109,Renewal,,Claim expenses,0,2049
110,Renewal,,Claim expenses,0,2050
111,Renewal,,Claim expenses,0,2051
112,Renewal,,Claim expenses,0,2052
113,Renewal,,Claim expenses,0,2053
114,Renewal,,Claim expenses,0,2054
115,Renewal,,Claim expenses,0,2055
116,Renewal,,Claim expenses,0,2056
117,Renewal,,Claim expenses,0,2057
