S. No,Expense_Type,SA,Expense_Category,Value,Calendar Year
1,Initial,2500000,% of Prem,0.25,
2,Initial,2500000,Fixed,0,
3,Initial,2500000,% of SA,0.0002,
4,Initial,5000000,% of Prem,0.25,
5,Initial,5000000,Fixed,0,
6,Initial,5000000,% of SA,0.0002,
7,Initial,7500000,% of Prem,0.25,
8,Initial,7500000,Fixed,0,
9,Initial,7500000,% of SA,0.0002,
10,Initial,10000000,% of Prem,0.25,
11,Initial,10000000,Fixed,0,
12,Initial,10000000,% of SA,0.0002,
13,Initial,15000000,% of Prem,0.25,
14,Initial,15000000,Fixed,0,
15,Initial,15000000,% of SA,0.0002,
