S. No,Sensitivity Description,Mortality Additive Factor,Mortality Multiplicative Factor,Interest Rate Additive Factor,Interest Rate Multiplicative Factor,Lapse Additive Factor,Lapse Multiplicative Factor,Expense Additive Factor,Expense Multiplicative Factor,Inflation Additive Factor,Inflation Multiplicative Factor,Cat Additive Factor,Cat Multiplicative Factor
1,Mortality,0,1.2,0,1,0,1,0,1,0,1,0,1
2,Interest Rate,0,1,0.01,1,0,1,0,1,0,1,0,1
3,Lapse Up,0,1,0,1,0,1.5,0,1,0,1,0,1
4,Lapse Down,0,1,0,1,0,0.5,0,1,0,1,0,1
5,Expense,0,1,0,1,0,1,0,2,0,1,0,1
6,Inflation,0,1,0,1,0,1,0,1,0,1.1,0,1
7,Catastrophe,0,1,0,1,0,1,0,1,0,1,0.01,1
8,All shocks,0,1.15,0.01,1,0,1.5,0,2,0,1.1,0.01,1