S. No,Sensitivity Description,Mortality_Additive_Factor,Mortality_Multiplicative_Factor,Interest_Rate_Additive_Factor,Interest_Rate_Multiplicative_Factor,Lapse_Additive_Factor,Lapse_Multiplicative_Factor,Expense_Additive_Factor,Expense_Multiplicative_Factor,Inflation_Additive_Factor,Inflation_Multiplicative_Factor,Cat_Additive_Factor,Cat_Multiplicative_Factor,Morbidity_Additive_Factor,Morbidity_Multiplicative_Factor
1,Mortality,0,0.85,0,1,0,1,0,1,0,1,0,1,0,1
2,Lapse Up,0,1,0,1,0,1.5,0,1,0,1,0,1,0,1
3,Lapse Down,0,1,0,1,0,0.5,0,1,0,1,0,1,0,1
4,Morbidity,0,1,0,1,0,1,0,1,0,1,0,1,0,1.15
