Policy Number,Product Code,Policy Start Date,Policy Term (Years),Premium Payment Term,Sum Assured,Rider Premium,Base Premium,Rider Option,Premium Frequency,Distribution Channel,Date of Birth,Age at Policy Start,Gender,Smoking Status,Underwriting category/ Medical status,EMR (Extra mortality Rate),Policy Status
ALFTP20240000172,Accidental Death,15-3-2024,25,25,2500000,1200,0,1,1,1,,35,M,NS,,,
ALFTP20240000158,Accidental Death,15-3-2024,26,26,2500000,1200,0,1,1,1,,34,F,NS,,,
ALFTP20240000113,Accidental Death,15-3-2024,33,33,10000000,4800,0,1,1,1,,37,M,NS,,,
ALFTP20240000006,Accidental Death,15-1-2024,27,27,1500000,720,0,1,12,1,,33,M,NS,,,
ALFTP20240000117,Accidental Death,15-3-2024,12,12,1000000,480,0,1,1,1,,48,M,S,,,
ALFTP20240000149,Accidental Death,15-3-2024,37,37,1000000,480,0,1,1,1,,23,M,NS,,,
ALFTP20240000138,Accidental Death,15-3-2024,30,30,1000000,480,0,1,1,1,,30,M,NS,,,
ALFTP20240000093,Accidental Death,15-3-2024,30,30,1000000,480,0,1,1,1,,30,M,NS,,,
ALFTP20240000090,Accidental Death,15-3-2024,17,17,1000000,480,0,1,1,1,,43,M,NS,,,
ALFTP20240000161,Accidental Death,15-3-2024,33,33,1000000,480,0,1,1,1,,28,M,NS,,,
ALFTP20240000091,Accidental Death,15-3-2024,29,29,1000000,480,0,1,1,1,,36,M,S,,,
ALFTP20240000134,Accidental Death,15-3-2024,33,33,1000000,480,0,1,1,1,,37,M,NS,,,
ALFTP20240000129,Accidental Death,15-3-2024,34,34,1000000,480,0,1,1,1,,36,M,NS,,,
ALFTP20240000061,Accidental Death,15-3-2024,23,23,2000000,960,0,1,1,1,,37,M,NS,,,
ALFTP20240000173,Accidental Death,15-3-2024,39,39,2000000,960,0,1,1,1,,31,F,NS,,,
ALFTP20240000174,Accidental Death,15-3-2024,36,36,4000000,1920,0,1,1,1,,34,M,NS,,,
ALFTP20240000092,Accidental Death,15-3-2024,31,31,1000000,480,0,1,1,1,,29,M,NS,,,
ALFTP20240000042,Accidental Death,15-2-2024,38,38,1000000,480,0,1,1,1,,32,M,NS,,,
ALFTP20240000083,Accidental Death,15-3-2024,29,29,1000000,480,0,1,1,1,,31,M,NS,,,
ALFTP20240000139,Accidental Death,15-3-2024,41,41,1000000,480,0,1,1,1,,29,F,NS,,,
ALFTP20240000027,Accidental Death,15-2-2024,30,30,1000000,480,0,1,1,1,,35,F,NS,,,
ALFTP20240000054,Accidental Death,15-3-2024,43,43,1000000,480,0,1,1,1,,22,F,NS,,,
ALFTP20240000136,Accidental Death,15-3-2024,23,23,1000000,480,0,1,1,1,,42,M,NS,,,
ALFTP20240000143,Accidental Death,15-3-2024,32,32,1000000,480,0,1,1,1,,38,M,NS,,,
ALFTP20240000033,Accidental Death,15-2-2024,15,15,1000000,480,0,1,1,1,,35,M,NS,,,
ALFTP20240000109,Accidental Death,15-3-2024,26,26,1000000,480,0,1,1,1,,39,M,NS,,,
ALFTP20240000144,Accidental Death,15-3-2024,39,39,1000000,480,0,1,1,1,,31,M,NS,,,
ALFTP20240000015,Accidental Death,15-2-2024,29,29,2000000,960,0,1,1,1,,31,M,S,,,
ALFTP20240000110,Accidental Death,15-3-2024,20,20,2000000,960,0,1,1,1,,40,M,NS,,,
ALFTP20240000068,Accidental Death,15-3-2024,13,13,4000000,1920,0,1,1,1,,47,M,NS,,,
ALFTP20240000146,Accidental Death,15-3-2024,25,25,10000000,4800,0,1,1,1,,35,M,NS,,,
ALFTP20240000152,Accidental Death,15-3-2024,15,15,10000000,4800,0,1,1,1,,35,M,NS,,,
ALFTP20240000164,Accidental Death,15-3-2024,35,35,1500000,720,0,1,1,1,,25,M,NS,,,
ALFTP20240000051,Accidental Death,15-2-2024,24,24,1500000,720,0,1,1,1,,36,M,NS,,,
ALFTP20240000159,Accidental Death,15-3-2024,38,38,1500000,720,0,1,1,1,,22,M,NS,,,
ALFTP20240000156,Accidental Death,15-3-2024,5,5,6000000,2880,0,1,1,1,,27,M,NS,,,
ALFTP20240000131,Accidental Death,15-3-2024,32,32,2500000,1200,0,1,1,1,,33,M,NS,,,
ALFTP20240000081,Accidental Death,15-3-2024,41,41,2500000,1200,0,1,1,1,,29,M,NS,,,
ALFTP20240000142,Accidental Death,15-3-2024,36,36,2500000,1200,0,1,1,1,,34,M,S,,,
ALFTP20240000084,Accidental Death,15-3-2024,35,35,5000000,2400,0,1,1,1,,25,M,NS,,,
ALFTP20240000153,Accidental Death,15-3-2024,18,18,5000000,2400,0,1,1,1,,42,M,NS,,,
ALFTP20240000012,Accidental Death,15-1-2024,18,18,10000000,4800,0,1,1,1,,42,M,NS,,,
ALFTP20240000154,Accidental Death,15-3-2024,25,25,10000000,4800,0,1,1,1,,37,M,NS,,,
ALFTP20240000049,Accidental Death,15-2-2024,27,27,10000000,4800,0,1,1,1,,33,M,NS,,,
ALFTP20230000004,Accidental Death,15-1-2024,14,14,1000000,480,0,1,12,1,,46,M,NS,,,
ALFTP20240000162,Accidental Death,15-3-2024,44,44,9500000,4560,0,1,1,1,,26,M,NS,,,
ALFTP20240000069,Accidental Death,15-3-2024,10,10,3000000,1440,0,1,1,1,,36,M,NS,,,
ALFTP20240000135,Accidental Death,15-3-2024,16,16,3000000,1440,0,1,1,1,,34,M,NS,,,
ALFTP20240000167,Accidental Death,15-3-2024,5,5,1000000,480,0,1,1,1,,37,M,NS,,,
ALFTP20240000088,Accidental Death,15-3-2024,30,30,1000000,480,0,1,1,1,,32,M,NS,,,
ALFTP20240000114,Accidental Death,15-3-2024,39,39,2000000,960,0,1,1,1,,31,M,NS,,,
ALFTP20240000303,Accidental Death,15-5-2024,5,5,1000000,480,0,1,1,1,,35,M,S,,,
ALFTP20240000337,Accidental Death,15-5-2024,10,10,2500000,1200,0,1,1,1,,36,M,NS,,,
ALFTP20240000385,Accidental Death,15-5-2024,11,11,2500000,1200,0,1,1,1,,49,M,NS,,,
ALFTP20240000359,Accidental Death,15-5-2024,14,14,2000000,960,0,1,1,1,,48,M,NS,,,
ALFTP20240000347,Accidental Death,15-5-2024,15,15,5000000,2400,0,1,1,1,,55,M,NS,,,
ALFTP20240000349,Accidental Death,15-5-2024,17,17,1000000,480,0,1,1,1,,32,M,NS,,,
ALFTP20240000355,Accidental Death,15-5-2024,21,21,2500000,1200,0,1,1,1,,41,M,NS,,,
ALFTP20240000321,Accidental Death,15-5-2024,21,21,1000000,480,0,1,1,1,,44,M,NS,,,
ALFTP20240000346,Accidental Death,15-5-2024,25,25,1000000,480,0,1,1,1,,38,M,NS,,,
ALFTP20240000333,Accidental Death,15-5-2024,25,25,5000000,2400,0,1,1,1,,45,M,NS,,,
ALFTP20240000326,Accidental Death,15-5-2024,25,25,1000000,480,0,1,1,1,,40,M,NS,,,
ALFTP20240000376,Accidental Death,15-5-2024,25,25,1000000,480,0,1,1,1,,35,M,NS,,,
ALFTP20240000370,Accidental Death,15-5-2024,26,26,1000000,480,0,1,1,1,,44,M,NS,,,
ALFTP20240000367,Accidental Death,15-5-2024,27,27,1000000,480,0,1,1,1,,33,M,NS,,,
ALFTP20240000282,Accidental Death,15-5-2024,28,28,2500000,1200,0,1,1,1,,37,M,NS,,,
ALFTP20240000379,Accidental Death,15-5-2024,28,28,2500000,1200,0,1,1,1,,32,M,S,,,
ALFTP20240000350,Accidental Death,15-5-2024,29,29,1000000,480,0,1,1,1,,31,M,NS,,,
ALFTP20240000335,Accidental Death,15-5-2024,29,29,3000000,1440,0,1,1,1,,31,F,NS,,,
ALFTP20240000289,Accidental Death,15-4-2024,30,30,1000000,480,0,1,1,1,,30,M,NS,,,
ALFTP20240000342,Accidental Death,15-5-2024,30,30,1000000,480,0,1,1,1,,35,M,NS,,,
ALFTP20240000374,Accidental Death,15-5-2024,31,31,2500000,1200,0,1,1,1,,39,M,NS,,,
ALFTP20240000310,Accidental Death,15-5-2024,32,32,1000000,480,0,1,1,1,,28,M,NS,,,
ALFTP20240000343,Accidental Death,15-5-2024,32,32,1000000,480,0,1,1,1,,28,M,NS,,,
ALFTP20240000301,Accidental Death,15-5-2024,34,34,1000000,480,0,1,1,1,,31,M,NS,,,
ALFTP20240000312,Accidental Death,15-5-2024,34,34,1000000,480,0,1,1,1,,31,M,NS,,,
ALFTP20240000363,Accidental Death,15-5-2024,34,34,1500000,720,0,1,1,1,,26,M,S,,,
ALFTP20240000371,Accidental Death,15-5-2024,34,34,1000000,480,0,1,1,1,,31,M,S,,,
ALFTP20240000291,Accidental Death,15-5-2024,36,36,5000000,2400,0,1,1,1,,24,M,NS,,,
ALFTP20240000294,Accidental Death,15-5-2024,36,36,5000000,2400,0,1,1,1,,34,M,NS,,,
ALFTP20240000293,Accidental Death,15-5-2024,36,36,1000000,480,0,1,1,1,,34,M,NS,,,
ALFTP20240000383,Accidental Death,15-5-2024,36,36,2500000,1200,0,1,1,1,,24,F,NS,,,
ALFTP20240000328,Accidental Death,15-5-2024,38,38,7500000,3600,0,1,1,1,,32,M,S,,,
ALFTP20240000334,Accidental Death,15-5-2024,38,38,5000000,2400,0,1,1,1,,32,M,NS,,,
ALFTP20240000296,Accidental Death,15-5-2024,38,38,1000000,480,0,1,1,1,,27,M,NS,,,
ALFTP20240000373,Accidental Death,15-5-2024,40,40,4000000,1920,0,1,1,1,,30,M,S,,,
ALFTP20240000308,Accidental Death,15-5-2024,41,41,1000000,480,0,1,1,1,,29,M,NS,,,
ALFTP20240000338,Accidental Death,15-5-2024,44,44,1000000,480,0,1,1,1,,26,F,NS,,,
ALFTP20240000375,Accidental Death,15-5-2024,46,46,5000000,2400,0,1,1,1,,24,M,NS,,,
ALFTP20240000213,Accidental Death,15-4-2024,35,35,1000000,480,0,1,1,1,,35,M,NS,,,
ALFTP20240000212,Accidental Death,15-4-2024,23,23,1000000,480,0,1,1,1,,37,M,NS,,,
ALFTP20240000261,Accidental Death,15-4-2024,16,16,1000000,480,0,1,1,1,,34,M,NS,,,
ALFTP20240000253,Accidental Death,15-4-2024,22,22,1000000,480,0,1,1,1,,38,M,NS,,,
ALFTP20240000219,Accidental Death,15-4-2024,15,15,1000000,480,0,1,1,1,,40,M,NS,,,
ALFTP20240000185,Accidental Death,15-4-2024,44,44,1000000,480,0,1,1,1,,26,M,NS,,,
ALFTP20240000263,Accidental Death,15-4-2024,8,8,1000000,480,0,1,1,1,,32,M,S,,,
ALFTP20240000186,Accidental Death,15-3-2024,25,25,1000000,480,0,1,1,1,,35,F,NS,,,
ALFTP20240000208,Accidental Death,15-4-2024,24,24,1000000,480,0,1,1,1,,41,M,S,,,
ALFTP20240000221,Accidental Death,15-4-2024,26,26,1000000,480,0,1,1,1,,34,M,NS,,,
ALFTP20240000264,Accidental Death,15-4-2024,20,20,1000000,480,0,1,1,1,,42,M,NS,,,
ALFTP20240000211,Accidental Death,15-4-2024,32,32,1000000,480,0,1,1,1,,28,M,NS,,,
ALFTP20240000228,Accidental Death,15-4-2024,33,33,1000000,480,0,1,1,1,,27,M,NS,,,
ALFTP20240000197,Accidental Death,15-4-2024,24,24,1000000,480,0,1,1,1,,36,M,NS,,,
ALFTP20240000183,Accidental Death,15-4-2024,20,20,4000000,1920,0,1,1,1,,30,F,NS,,,
ALFTP20240000224,Accidental Death,15-4-2024,35,35,4000000,1920,0,1,1,1,,25,M,NS,,,
ALFTP20240000198,Accidental Death,15-4-2024,35,35,4000000,1920,0,1,1,1,,35,M,NS,,,
ALFTP20240000236,Accidental Death,15-4-2024,30,30,3000000,1440,0,1,1,1,,33,M,S,,,
ALFTP20240000255,Accidental Death,15-4-2024,24,24,3000000,1440,0,1,1,1,,41,M,NS,,,
ALFTP20240000254,Accidental Death,15-3-2024,17,17,1000000,480,0,1,1,1,,43,M,NS,,,
ALFTP20240000270,Accidental Death,15-4-2024,34,34,9000000,4320,0,1,1,1,,26,M,NS,,,
ALFTP20240000258,Accidental Death,15-4-2024,29,29,5000000,2400,0,1,1,1,,31,M,NS,,,
ALFTP20240000241,Accidental Death,15-4-2024,37,37,5000000,2400,0,1,1,1,,23,M,NS,,,
ALFTP20240000259,Accidental Death,15-4-2024,5,5,20000000,9600,0,1,1,1,,44,M,NS,,,
ALFTP20240000223,Accidental Death,15-4-2024,20,20,2500000,1200,0,1,1,1,,40,M,NS,,,
ALFTP20240000209,Accidental Death,15-4-2024,40,40,2500000,1200,0,1,1,1,,30,M,NS,,,
ALFTP20240000265,Accidental Death,15-4-2024,39,39,5000000,2400,0,1,1,1,,31,M,NS,,,
ALFTP20240000188,Accidental Death,15-4-2024,40,40,5000000,2400,0,1,1,1,,25,M,NS,,,
ALFTP20240000247,Accidental Death,15-4-2024,21,21,5000000,2400,0,1,1,1,,49,M,NS,,,
ALFTP20240000192,Accidental Death,15-4-2024,31,31,5000000,2400,0,1,1,1,,31,M,S,,,
ALFTP20240000262,Accidental Death,15-4-2024,28,28,5000000,2400,0,1,1,1,,42,F,S,,,
ALFTP20240000194,Accidental Death,15-4-2024,25,25,5000000,2400,0,1,1,1,,32,M,NS,,,
ALFTP20240000196,Accidental Death,15-4-2024,29,29,6000000,2880,0,1,1,1,,33,M,NS,,,
ALFTP20240000319,Accidental Death,15-5-2024,36,36,3000000,1440,0,1,1,1,,24,M,NS,,,
ALFTP20240000446,Accidental Death,15-6-2024,14,14,3500000,1680,0,1,1,1,,46,M,NS,,,
ALFTP20240000470,Accidental Death,15-6-2024,16,16,5000000,2400,0,1,1,1,,44,M,NS,,,
ALFTP20240000486,Accidental Death,15-6-2024,16,16,1500000,720,0,1,1,1,,44,M,S,,,
ALFTP20240000459,Accidental Death,15-6-2024,17,17,1000000,480,0,1,1,1,,53,M,NS,,,
ALFTP20240000452,Accidental Death,15-6-2024,17,17,20000000,9600,0,1,1,1,,53,M,NS,,,
ALFTP20240000456,Accidental Death,15-6-2024,17,17,2500000,1200,0,1,1,1,,43,M,NS,,,
ALFTP20240000390,Accidental Death,15-6-2024,20,20,3500000,1680,0,1,1,1,,30,M,NS,,,
ALFTP20240000443,Accidental Death,15-6-2024,20,20,6000000,2880,0,1,1,1,,34,M,NS,,,
ALFTP20240000419,Accidental Death,15-6-2024,20,20,15000000,7200,0,1,1,1,,40,M,NS,,,
ALFTP20240000406,Accidental Death,15-6-2024,22,22,3000000,1440,0,1,1,1,,38,M,NS,,,
ALFTP20240000428,Accidental Death,15-6-2024,23,23,1000000,480,0,1,1,1,,37,M,NS,,,
ALFTP20240000451,Accidental Death,15-6-2024,24,24,1000000,480,0,1,1,1,,36,M,NS,,,
ALFTP20240000457,Accidental Death,15-6-2024,24,24,1000000,480,0,1,1,1,,39,M,NS,,,
ALFTP20240000468,Accidental Death,15-6-2024,25,25,1000000,480,0,1,1,1,,35,M,NS,,,
ALFTP20240000415,Accidental Death,15-6-2024,26,26,1000000,480,0,1,1,1,,34,M,NS,,,
ALFTP20240000467,Accidental Death,15-6-2024,27,27,1000000,480,0,1,1,1,,33,M,NS,,,
ALFTP20240000388,Accidental Death,15-6-2024,27,27,20000000,9600,0,1,1,1,,43,M,NS,,,
ALFTP20240000481,Accidental Death,15-6-2024,27,27,1000000,480,0,1,1,1,,33,F,NS,,,
ALFTP20240000433,Accidental Death,15-6-2024,28,28,1000000,480,0,1,1,1,,32,M,NS,,,
ALFTP20240000464,Accidental Death,15-6-2024,28,28,1000000,480,0,1,1,1,,32,M,NS,,,
ALFTP20240000447,Accidental Death,15-6-2024,29,29,5000000,2400,0,1,1,1,,31,M,NS,,,
ALFTP20240000445,Accidental Death,15-6-2024,29,29,1000000,480,0,1,1,1,,31,M,NS,,,
ALFTP20240000401,Accidental Death,15-6-2024,29,29,1000000,480,0,1,1,1,,31,M,NS,,,
ALFTP20240000474,Accidental Death,15-6-2024,30,30,1000000,480,0,1,1,1,,35,M,S,,,
ALFTP20240000418,Accidental Death,15-6-2024,30,30,4500000,2160,0,1,1,1,,30,M,S,,,
ALFTP20240000410,Accidental Death,15-6-2024,30,30,1000000,480,0,1,1,1,,30,M,NS,,,
ALFTP20240000398,Accidental Death,15-6-2024,31,31,20000000,9600,0,1,1,1,,29,M,NS,,,
ALFTP20240000402,Accidental Death,15-6-2024,31,31,1000000,480,0,1,1,1,,24,M,NS,,,
ALFTP20240000393,Accidental Death,15-6-2024,31,31,1000000,480,0,1,1,1,,39,M,NS,,,
ALFTP20240000480,Accidental Death,15-6-2024,31,31,2500000,1200,0,1,1,1,,39,M,NS,,,
ALFTP20240000430,Accidental Death,15-6-2024,33,33,5000000,2400,0,1,1,1,,32,M,NS,,,
ALFTP20240000444,Accidental Death,15-6-2024,34,34,1000000,480,0,1,1,1,,26,M,NS,,,
ALFTP20240000482,Accidental Death,15-6-2024,35,35,1000000,480,0,1,1,1,,33,F,NS,,,
ALFTP20240000462,Accidental Death,15-6-2024,36,36,2500000,1200,0,1,1,1,,34,M,NS,,,
ALFTP20240000472,Accidental Death,15-6-2024,38,38,2500000,1200,0,1,1,1,,22,M,NS,,,
ALFTP20240000442,Accidental Death,15-6-2024,38,38,1000000,480,0,1,1,1,,32,M,NS,,,
ALFTP20240000477,Accidental Death,15-6-2024,39,39,2000000,960,0,1,1,1,,26,M,S,,,
ALFTP20240000440,Accidental Death,15-6-2024,39,39,5000000,2400,0,1,1,1,,31,M,S,,,
ALFTP20240000461,Accidental Death,15-6-2024,39,39,1000000,480,0,1,1,1,,26,M,NS,,,
ALFTP20240000416,Accidental Death,15-6-2024,43,43,2000000,960,0,1,1,1,,27,F,NS,,,
ALFTP20240000484,Accidental Death,15-6-2024,44,44,1000000,480,0,1,1,1,,26,F,NS,,,
ALFTP20240000511,Accidental Death,15-7-2024,16,16,6500000,3120,0,1,1,1,,24,M,S,,,
ALFTP20240000547,Accidental Death,15-7-2024,33,33,1000000,480,0,1,1,1,,27,F,NS,,,
ALFTP20240000500,Accidental Death,15-7-2024,26,26,1000000,480,0,1,1,1,,34,M,NS,,,
ALFTP20240000538,Accidental Death,15-7-2024,5,5,1000000,480,0,1,1,1,,36,M,S,,,
ALFTP20240000519,Accidental Death,15-7-2024,37,37,1000000,480,0,1,1,1,,33,M,NS,,,
ALFTP20240000495,Accidental Death,15-7-2024,27,27,2500000,1200,0,1,1,1,,33,M,NS,,,
ALFTP20240000497,Accidental Death,15-7-2024,31,31,20000000,9600,0,1,1,1,,39,M,NS,,,
ALFTP20240000508,Accidental Death,15-7-2024,26,26,2000000,960,0,1,1,1,,34,M,NS,,,
ALFTP20240000503,Accidental Death,15-7-2024,7,7,1000000,480,0,1,1,1,,54,M,NS,,,
ALFTP20240000510,Accidental Death,15-7-2024,37,37,2000000,960,0,1,1,1,,33,M,NS,,,
ALFTP20240000520,Accidental Death,15-7-2024,35,35,7500000,3600,0,1,1,1,,35,M,S,,,
ALFTP20240000498,Accidental Death,15-7-2024,40,40,5000000,2400,0,1,1,1,,30,M,NS,,,
ALFTP20240000507,Accidental Death,15-7-2024,41,41,5000000,2400,0,1,1,1,,29,F,NS,,,
ALFTP20240000600,Accidental Death,15-7-2024,37,37,2500000,1200,0,1,1,1,,33,F,NS,,,
ALFTP20240000548,Accidental Death,15-7-2024,24,24,1500000,720,0,1,1,1,,36,M,NS,,,
ALFTP20240000491,Accidental Death,15-7-2024,28,28,1000000,480,0,1,1,1,,27,M,S,,,
ALFTP20240000594,Accidental Death,15-7-2024,19,19,15000000,7200,0,1,1,1,,41,M,NS,,,
ALFTP20240000525,Accidental Death,15-7-2024,38,38,1000000,480,0,1,1,1,,22,M,S,,,
ALFTP20240000533,Accidental Death,15-7-2024,22,22,1000000,480,0,1,1,1,,38,M,NS,,,
ALFTP20240000618,Accidental Death,15-7-2024,33,33,4000000,1920,0,1,1,1,,27,M,NS,,,
ALFTP20240000528,Accidental Death,15-7-2024,27,27,2500000,1200,0,1,1,1,,33,M,NS,,,
ALFTP20240000532,Accidental Death,15-7-2024,38,38,1000000,480,0,1,1,1,,32,M,S,,,
ALFTP20240000585,Accidental Death,15-7-2024,31,31,2500000,1200,0,1,1,1,,29,M,NS,,,
ALFTP20240000550,Accidental Death,15-7-2024,36,36,1000000,480,0,1,1,1,,24,M,NS,,,
ALFTP20240000540,Accidental Death,15-7-2024,42,42,1000000,480,0,1,1,1,,28,F,NS,,,
ALFTP20240000522,Accidental Death,15-7-2024,22,22,1000000,480,0,1,1,1,,38,M,S,,,
ALFTP20240000515,Accidental Death,15-7-2024,48,48,2500000,1200,0,1,1,1,,22,M,NS,,,
ALFTP20240000531,Accidental Death,15-7-2024,23,23,1000000,480,0,1,1,1,,27,M,NS,,,
ALFTP20240000593,Accidental Death,15-7-2024,30,30,1000000,480,0,1,1,1,,30,M,S,,,
ALFTP20240000529,Accidental Death,15-7-2024,32,32,1000000,480,0,1,1,1,,38,M,NS,,,
ALFTP20240000564,Accidental Death,15-7-2024,15,15,5000000,2400,0,1,1,1,,45,M,NS,,,
ALFTP20240000558,Accidental Death,15-7-2024,32,32,1000000,480,0,1,1,1,,38,M,S,,,
ALFTP20240000609,Accidental Death,15-7-2024,22,22,1000000,480,0,1,1,1,,48,M,NS,,,
ALFTP20240000573,Accidental Death,15-7-2024,33,33,1000000,480,0,1,1,1,,37,F,NS,,,
ALFTP20240000591,Accidental Death,15-7-2024,28,28,5000000,2400,0,1,1,1,,42,F,NS,,,
ALFTP20240000561,Accidental Death,15-7-2024,28,28,1000000,480,0,1,1,1,,42,M,NS,,,
ALFTP20240000607,Accidental Death,15-7-2024,36,36,1000000,480,0,1,1,1,,34,M,NS,,,
ALFTP20240000604,Accidental Death,15-7-2024,41,41,2000000,960,0,1,1,1,,29,M,NS,,,
ALFTP20240000587,Accidental Death,15-7-2024,23,23,2500000,1200,0,1,1,1,,37,F,NS,,,
ALFTP20240000603,Accidental Death,15-7-2024,35,35,10000000,4800,0,1,1,1,,35,F,NS,,,
ALFTP20240000601,Accidental Death,15-7-2024,33,33,2500000,1200,0,1,1,1,,27,M,NS,,,
ALFTP20240000598,Accidental Death,15-7-2024,30,30,1000000,480,0,1,1,1,,30,M,NS,,,
ALFTP20240000630,Accidental Death,15-7-2024,31,31,13500000,6480,0,1,1,1,,29,M,NS,,,
ALFTP20240000602,Accidental Death,15-7-2024,25,25,1000000,480,0,1,1,1,,37,M,NS,,,
ALFTP20240000632,Accidental Death,15-7-2024,23,23,2500000,1200,0,1,1,1,,47,M,S,,,
ALFTP20240000631,Accidental Death,15-7-2024,36,36,2500000,1200,0,1,1,1,,34,M,S,,,
ALFTP20240000644,Accidental Death,15-8-2024,36,36,9000000,4320,0,1,1,1,,34,M,NS,,,
ALFTP20240000646,Accidental Death,15-8-2024,36,36,2500000,1200,0,1,1,1,,34,M,NS,,,
ALFTP20240000650,Accidental Death,15-8-2024,27,27,1000000,480,0,1,1,1,,33,M,NS,,,
ALFTP20240000651,Accidental Death,15-8-2024,40,40,5000000,2400,0,1,1,1,,30,M,NS,,,
ALFTP20240000654,Accidental Death,15-8-2024,35,35,2000000,960,0,1,1,1,,23,M,NS,,,
ALFTP20240000661,Accidental Death,15-8-2024,36,36,1000000,480,0,1,1,1,,34,M,NS,,,
ALFTP20240000663,Accidental Death,15-8-2024,25,25,1000000,480,0,1,1,1,,35,M,S,,,
ALFTP20240000665,Accidental Death,15-8-2024,20,20,1000000,480,0,1,1,1,,40,M,NS,,,
ALFTP20240000666,Accidental Death,15-8-2024,29,29,8000000,3840,0,1,1,1,,31,M,NS,,,
ALFTP20240000667,Accidental Death,15-8-2024,30,30,1000000,480,0,1,1,1,,30,M,NS,,,
ALFTP20240000670,Accidental Death,15-8-2024,6,6,3000000,1440,0,1,1,1,,42,M,NS,,,
ALFTP20240000677,Accidental Death,15-8-2024,27,27,1000000,480,0,1,1,1,,33,M,NS,,,
ALFTP20240000678,Accidental Death,15-8-2024,34,34,1000000,480,0,1,1,1,,36,M,NS,,,
ALFTP20240000684,Accidental Death,15-8-2024,21,21,1000000,480,0,1,1,1,,39,M,NS,,,
ALFTP20240000685,Accidental Death,15-8-2024,21,21,1000000,480,0,1,1,1,,39,M,NS,,,
ALFTP20240000687,Accidental Death,15-8-2024,15,15,1000000,480,0,1,1,1,,36,F,NS,,,
ALFTP20240000688,Accidental Death,15-8-2024,18,18,5000000,2400,0,1,1,1,,42,M,NS,,,
ALFTP20240000692,Accidental Death,15-8-2024,46,46,1000000,480,0,1,1,1,,24,M,NS,,,
ALFTP20240000693,Accidental Death,15-8-2024,23,23,1000000,480,0,1,1,1,,32,M,NS,,,
ALFTP20240000694,Accidental Death,15-8-2024,36,36,1000000,480,0,1,1,1,,29,M,NS,,,
ALFTP20240000699,Accidental Death,15-8-2024,35,35,3000000,1440,0,1,1,1,,35,M,NS,,,
ALFTP20240000704,Accidental Death,15-8-2024,38,38,1000000,480,0,1,1,1,,32,M,NS,,,
ALFTP20240000706,Accidental Death,15-8-2024,30,30,2500000,1200,0,1,1,1,,30,M,NS,,,
ALFTP20240000709,Accidental Death,15-8-2024,16,16,10000000,4800,0,1,1,1,,49,M,NS,,,
ALFTP20240000713,Accidental Death,15-8-2024,31,31,1000000,480,0,1,1,1,,29,M,NS,,,
ALFTP20240000714,Accidental Death,15-8-2024,18,18,2000000,960,0,1,1,1,,32,M,NS,,,
ALFTP20240000719,Accidental Death,15-8-2024,29,29,5000000,2400,0,1,1,1,,41,M,NS,,,
ALFTP20240000721,Accidental Death,15-8-2024,24,24,1000000,480,0,1,1,1,,36,M,NS,,,
ALFTP20240000723,Accidental Death,15-8-2024,38,38,5000000,2400,0,1,1,1,,32,M,NS,,,
ALFTP20240000724,Accidental Death,15-8-2024,27,27,10000000,4800,0,1,1,1,,33,F,NS,,,
ALFTP20240000726,Accidental Death,15-8-2024,28,28,2500000,1200,0,1,1,1,,32,M,NS,,,
ALFTP20240000732,Accidental Death,15-8-2024,34,34,2500000,1200,0,1,1,1,,26,M,NS,,,
ALFTP20240000736,Accidental Death,15-8-2024,25,25,1000000,480,0,1,1,1,,35,F,NS,,,
ALFTP20240000752,Accidental Death,15-8-2024,37,37,5000000,2400,0,1,1,1,,28,M,NS,,,
ALFTP20240000753,Accidental Death,15-8-2024,23,23,2000000,960,0,1,1,1,,37,M,NS,,,
ALFTP20240000754,Accidental Death,15-8-2024,32,32,1000000,480,0,1,1,1,,28,M,S,,,
ALFTP20240000755,Accidental Death,15-8-2024,22,22,1000000,480,0,1,1,1,,38,M,NS,,,
ALFTP20240000756,Accidental Death,15-8-2024,37,37,5000000,2400,0,1,1,1,,33,M,NS,,,
ALFTP20240000758,Accidental Death,15-8-2024,30,30,1000000,480,0,1,1,1,,40,M,NS,,,
ALFTP20240000759,Accidental Death,15-8-2024,40,40,1000000,480,0,1,1,1,,30,M,NS,,,
ALFTP20240000760,Accidental Death,15-8-2024,36,36,1000000,480,0,1,1,1,,29,M,NS,,,
ALFTP20240000771,Accidental Death,15-8-2024,23,23,10000000,4800,0,1,1,1,,37,M,NS,,,
ALFTP20240000776,Accidental Death,15-8-2024,37,37,5000000,2400,0,1,1,1,,29,F,NS,,,
ALFTP20240000777,Accidental Death,15-8-2024,34,34,1000000,480,0,1,1,1,,26,M,NS,,,
ALFTP20240000779,Accidental Death,15-8-2024,47,47,2000000,960,0,1,1,1,,23,M,NS,,,
ALFTP20240000780,Accidental Death,15-8-2024,26,26,1000000,480,0,1,1,1,,34,F,NS,,,
ALFTP20240000790,Accidental Death,15-8-2024,21,21,4000000,1920,0,1,1,1,,49,M,NS,,,
ALFTP20240000799,Accidental Death,15-8-2024,11,11,5000000,2400,0,1,1,1,,49,M,S,,,
ALFTP20240000801,Accidental Death,15-8-2024,43,43,1000000,480,0,1,1,1,,27,M,NS,,,
ALFTP20240000802,Accidental Death,15-8-2024,31,31,1500000,720,0,1,1,1,,34,M,NS,,,
ALFTP20240000805,Accidental Death,15-8-2024,32,32,1000000,480,0,1,1,1,,38,M,NS,,,
ALFTP20240000814,Accidental Death,15-8-2024,36,36,1000000,480,0,1,1,1,,34,M,NS,,,
ALFTP20240000816,Accidental Death,15-8-2024,33,33,1000000,480,0,1,1,1,,32,M,NS,,,
ALFTP20240000818,Accidental Death,15-8-2024,26,26,1000000,480,0,1,1,1,,39,M,NS,,,
ALFTP20240000820,Accidental Death,15-8-2024,40,40,10000000,4800,0,1,1,1,,30,M,NS,,,
ALFTP20240000925,Accidental Death,15-9-2024,30,30,1000000,480,0,1,1,1,,30,M,NS,,,
ALFTP20240000847,Accidental Death,15-9-2024,10,10,1000000,480,0,1,1,1,,31,F,NS,,,
ALFTP20240000867,Accidental Death,15-9-2024,40,40,7500000,3600,0,1,1,1,,30,M,NS,,,
ALFTP20240000945,Accidental Death,15-9-2024,26,26,15000000,7200,0,1,1,1,,44,M,NS,,,
ALFTP20240000862,Accidental Death,15-9-2024,23,23,2500000,1200,0,1,1,1,,37,F,NS,,,
ALFTP20240000952,Accidental Death,15-9-2024,15,15,2000000,960,0,1,1,1,,34,M,S,,,
ALFTP20240000823,Accidental Death,15-9-2024,15,15,20000000,9600,0,1,1,1,,45,M,NS,,,
ALFTP20240000873,Accidental Death,15-9-2024,29,29,1000000,480,0,1,1,1,,31,M,NS,,,
ALFTP20240000828,Accidental Death,15-9-2024,19,19,1000000,480,0,1,1,1,,41,M,NS,,,
ALFTP20240000825,Accidental Death,15-9-2024,20,20,1000000,480,0,1,1,1,,40,M,S,,,
ALFTP20240000956,Accidental Death,15-9-2024,23,23,1000000,480,0,1,1,1,,37,F,NS,,,
ALFTP20240000852,Accidental Death,15-9-2024,24,24,5000000,2400,0,1,1,1,,38,M,NS,,,
ALFTP20240000904,Accidental Death,15-9-2024,33,33,1000000,480,0,1,1,1,,37,M,NS,,,
ALFTP20240000844,Accidental Death,15-9-2024,24,24,1000000,480,0,1,1,1,,36,M,S,,,
ALFTP20240000928,Accidental Death,15-9-2024,13,13,1000000,480,0,1,1,1,,44,M,S,,,
ALFTP20240000907,Accidental Death,15-9-2024,13,13,1000000,480,0,1,1,1,,43,M,NS,,,
ALFTP20240000822,Accidental Death,15-9-2024,25,25,1000000,480,0,1,1,1,,29,M,NS,,,
ALFTP20240000920,Accidental Death,15-9-2024,39,39,1000000,480,0,1,1,1,,31,M,NS,,,
ALFTP20240000919,Accidental Death,15-9-2024,22,22,10000000,4800,0,1,1,1,,38,M,NS,,,
ALFTP20240000849,Accidental Death,15-9-2024,30,30,17500000,8400,0,1,1,1,,30,M,S,,,
ALFTP20240000831,Accidental Death,15-9-2024,19,19,1000000,480,0,1,1,1,,41,M,NS,,,
ALFTP20240000914,Accidental Death,15-9-2024,27,27,1000000,480,0,1,1,1,,33,M,NS,,,
ALFTP20240000872,Accidental Death,15-9-2024,11,11,1000000,480,0,1,1,1,,49,M,NS,,,
ALFTP20240000901,Accidental Death,15-9-2024,31,31,1000000,480,0,1,1,1,,29,M,NS,,,
ALFTP20240000886,Accidental Death,15-9-2024,17,17,1000000,480,0,1,1,1,,43,M,NS,,,
ALFTP20240000869,Accidental Death,15-9-2024,7,7,19500000,9360,0,1,1,1,,33,M,NS,,,
ALFTP20240000894,Accidental Death,15-9-2024,27,27,5000000,2400,0,1,1,1,,33,M,S,,,
ALFTP20240000839,Accidental Death,15-9-2024,32,32,10000000,4800,0,1,1,1,,38,M,NS,,,
ALFTP20240000864,Accidental Death,15-9-2024,32,32,1000000,480,0,1,1,1,,33,M,NS,,,
ALFTP20240000858,Accidental Death,15-9-2024,20,20,2500000,1200,0,1,1,1,,35,M,S,,,
ALFTP20240000861,Accidental Death,15-9-2024,34,34,5000000,2400,0,1,1,1,,36,M,NS,,,
ALFTP20240000938,Accidental Death,15-9-2024,27,27,3000000,1440,0,1,1,1,,33,M,NS,,,
ALFTP20240000937,Accidental Death,15-9-2024,33,33,1000000,480,0,1,1,1,,37,M,NS,,,
ALFTP20240000943,Accidental Death,15-9-2024,19,19,2500000,1200,0,1,1,1,,51,M,NS,,,
ALFTP20240000940,Accidental Death,15-9-2024,35,35,1000000,480,0,1,1,1,,35,M,NS,,,
ALFTP20240000899,Accidental Death,15-9-2024,43,43,1000000,480,0,1,1,1,,27,M,NS,,,
ALFTP20240000854,Accidental Death,15-9-2024,32,32,1500000,720,0,1,1,1,,33,M,NS,,,
ALFTP20240000911,Accidental Death,15-9-2024,37,37,2500000,1200,0,1,1,1,,28,M,NS,,,
ALFTP20240000897,Accidental Death,15-9-2024,35,35,3000000,1440,0,1,1,1,,35,M,NS,,,
ALFTP20240000944,Accidental Death,15-9-2024,11,11,1000000,480,0,1,1,1,,49,M,S,,,
ALFTP20240000954,Accidental Death,15-9-2024,26,26,1000000,480,0,1,1,1,,44,M,NS,,,
ALFTP20240000950,Accidental Death,15-9-2024,29,29,10000000,4800,0,1,1,1,,31,M,NS,,,
ALFTP20240000964,Accidental Death,15-9-2024,39,39,2500000,1200,0,1,1,1,,26,M,NS,,,
ALFTP20240000958,Accidental Death,15-9-2024,23,23,1000000,480,0,1,1,1,,27,M,NS,,,
ALFTP20240000963,Accidental Death,15-9-2024,33,33,1000000,480,0,1,1,1,,37,M,S,,,
ALFTP20240000959,Accidental Death,15-9-2024,42,42,1000000,480,0,1,1,1,,28,M,NS,,,
ALFTP20240000951,Accidental Death,15-9-2024,25,25,1000000,480,0,1,1,1,,35,F,NS,,,
ALFTP20240000975,Accidental Death,15-10-2024,36,36,5000000,2400,0,1,1,1,,34,M,NS,,,
ALFTP20240001002,Accidental Death,15-10-2024,17,17,2500000,1200,0,1,1,1,,43,M,NS,,,
ALFTP20240001014,Accidental Death,15-10-2024,29,29,5000000,2400,0,1,1,1,,31,M,NS,,,
ALFTP20240001095,Accidental Death,15-10-2024,37,37,10000000,4800,0,1,1,1,,33,M,NS,,,
ALFTP20240001120,Accidental Death,15-10-2024,29,29,2500000,1200,0,1,1,1,,31,M,NS,,,
ALFTP20240001123,Accidental Death,15-10-2024,27,27,1000000,480,0,1,1,1,,23,F,NS,,,
ALFTP20240000973,Accidental Death,15-10-2024,17,17,1000000,480,0,1,1,1,,33,M,NS,,,
ALFTP20240001045,Accidental Death,15-10-2024,43,43,1000000,480,0,1,1,1,,27,M,NS,,,
ALFTP20240000990,Accidental Death,15-10-2024,20,20,1000000,480,0,1,1,1,,40,M,NS,,,
ALFTP20240001007,Accidental Death,15-10-2024,27,27,1000000,480,0,1,1,1,,33,M,NS,,,
ALFTP20240000995,Accidental Death,15-10-2024,35,35,6000000,2880,0,1,1,1,,28,M,NS,,,
ALFTP20240000982,Accidental Death,15-10-2024,32,32,5000000,2400,0,1,1,1,,28,F,NS,,,
ALFTP20240000981,Accidental Death,15-10-2024,8,8,5000000,2400,0,1,1,1,,54,M,NS,,,
ALFTP20240001037,Accidental Death,15-10-2024,43,43,2000000,960,0,1,1,1,,27,M,NS,,,
ALFTP20240001048,Accidental Death,15-10-2024,23,23,5000000,2400,0,1,1,1,,37,M,NS,,,
ALFTP20240000971,Accidental Death,15-10-2024,26,26,1000000,480,0,1,1,1,,37,M,NS,,,
ALFTP20240000993,Accidental Death,15-10-2024,35,35,1000000,480,0,1,1,1,,35,M,NS,,,
ALFTP20240001060,Accidental Death,15-10-2024,27,27,1000000,480,0,1,1,1,,38,M,S,,,
ALFTP20240001087,Accidental Death,15-10-2024,23,23,1000000,480,0,1,1,1,,37,M,NS,,,
ALFTP20240001043,Accidental Death,15-10-2024,42,42,9500000,4560,0,1,1,1,,28,M,NS,,,
ALFTP20240001012,Accidental Death,15-10-2024,5,5,1000000,480,0,1,1,1,,28,M,NS,,,
ALFTP20240001036,Accidental Death,15-10-2024,38,38,1000000,480,0,1,1,1,,32,M,NS,,,
ALFTP20240001013,Accidental Death,15-10-2024,30,30,20000000,9600,0,1,1,1,,34,M,NS,,,
ALFTP20240001015,Accidental Death,15-10-2024,40,40,5500000,2640,0,1,1,1,,30,M,NS,,,
ALFTP20240001010,Accidental Death,15-10-2024,27,27,1000000,480,0,1,1,1,,33,M,NS,,,
ALFTP20240001041,Accidental Death,15-10-2024,30,30,1000000,480,0,1,1,1,,30,M,NS,,,
ALFTP20240001078,Accidental Death,15-10-2024,26,26,1000000,480,0,1,1,1,,34,F,NS,,,
ALFTP20240001022,Accidental Death,15-10-2024,33,33,1000000,480,0,1,1,1,,27,M,NS,,,
ALFTP20240001091,Accidental Death,15-10-2024,38,38,1000000,480,0,1,1,1,,32,M,NS,,,
ALFTP20240001080,Accidental Death,15-10-2024,35,35,1000000,480,0,1,1,1,,25,M,NS,,,
ALFTP20240001096,Accidental Death,15-10-2024,21,21,2500000,1200,0,1,1,1,,39,M,NS,,,
ALFTP20240001103,Accidental Death,15-10-2024,5,5,2500000,1200,0,1,1,1,,29,M,NS,,,
ALFTP20240001098,Accidental Death,15-10-2024,13,13,1000000,480,0,1,1,1,,57,M,NS,,,
ALFTP20240000998,Accidental Death,15-10-2024,27,27,1000000,480,0,1,1,1,,23,M,S,,,
ALFTP20240001074,Accidental Death,15-10-2024,28,28,1000000,480,0,1,1,1,,32,M,S,,,
ALFTP20240001073,Accidental Death,15-10-2024,29,29,1000000,480,0,1,1,1,,36,M,NS,,,
ALFTP20240001111,Accidental Death,15-10-2024,28,28,1000000,480,0,1,1,1,,32,M,NS,,,
ALFTP20240001064,Accidental Death,15-10-2024,29,29,2000000,960,0,1,1,1,,31,M,NS,,,
ALFTP20240001094,Accidental Death,15-10-2024,42,42,1000000,480,0,1,1,1,,28,M,NS,,,
ALFTP20240001110,Accidental Death,15-10-2024,9,9,5000000,2400,0,1,1,1,,41,M,S,,,
ALFTP20240001079,Accidental Death,15-10-2024,41,41,1000000,480,0,1,1,1,,29,F,NS,,,
ALFTP20240001046,Accidental Death,15-10-2024,28,28,1000000,480,0,1,1,1,,32,M,NS,,,
ALFTP20240001104,Accidental Death,15-10-2024,23,23,1000000,480,0,1,1,1,,37,M,NS,,,
ALFTP20240001106,Accidental Death,15-10-2024,19,19,2000000,960,0,1,1,1,,41,M,NS,,,
ALFTP20240001132,Accidental Death,15-10-2024,41,41,5000000,2400,0,1,1,1,,29,M,NS,,,
ALFTP20240001086,Accidental Death,15-10-2024,28,28,1000000,480,0,1,1,1,,32,M,NS,,,
ALFTP20240001082,Accidental Death,15-10-2024,20,20,1000000,480,0,1,1,1,,33,M,NS,,,
ALFTP20240001174,Accidental Death,15-11-2024,39,39,5000000,2400,0,1,1,1,,31,F,NS,,,
ALFTP20240001280,Accidental Death,15-11-2024,24,24,1000000,480,0,1,1,1,,36,M,NS,,,
ALFTP20240001206,Accidental Death,15-11-2024,12,12,1000000,480,0,1,1,1,,33,M,S,,,
ALFTP20240001178,Accidental Death,15-11-2024,30,30,2000000,960,0,1,1,1,,30,M,NS,,,
ALFTP20240001221,Accidental Death,15-11-2024,13,13,2000000,960,0,1,1,1,,57,M,S,,,
ALFTP20240001161,Accidental Death,15-11-2024,30,30,1000000,480,0,1,1,1,,30,M,NS,,,
ALFTP20240001205,Accidental Death,15-11-2024,29,29,2000000,960,0,1,1,1,,31,M,NS,,,
ALFTP20240001222,Accidental Death,15-11-2024,30,30,7500000,3600,0,1,1,1,,35,M,NS,,,
ALFTP20240001295,Accidental Death,15-11-2024,19,19,5000000,2400,0,1,1,1,,41,M,NS,,,
ALFTP20240001147,Accidental Death,15-11-2024,25,25,1000000,480,0,1,1,1,,35,M,S,,,
ALFTP20240001146,Accidental Death,15-11-2024,37,37,8000000,3840,0,1,1,1,,33,M,NS,,,
ALFTP20240001262,Accidental Death,15-11-2024,26,26,1000000,480,0,1,1,1,,34,M,S,,,
ALFTP20240001287,Accidental Death,15-11-2024,21,21,1000000,480,0,1,1,1,,39,F,NS,,,
ALFTP20240001194,Accidental Death,15-11-2024,24,24,5000000,2400,0,1,1,1,,24,M,NS,,,
ALFTP20240001141,Accidental Death,15-11-2024,40,40,1000000,480,0,1,1,1,,30,M,NS,,,
ALFTP20240001165,Accidental Death,15-11-2024,35,35,1000000,480,0,1,1,1,,25,F,NS,,,
ALFTP20240001158,Accidental Death,15-11-2024,24,24,2000000,960,0,1,1,1,,41,M,S,,,
ALFTP20240001226,Accidental Death,15-11-2024,43,43,1000000,480,0,1,1,1,,27,M,NS,,,
ALFTP20240001186,Accidental Death,15-11-2024,33,33,2000000,960,0,1,1,1,,27,M,NS,,,
ALFTP20240001212,Accidental Death,15-11-2024,30,30,3000000,1440,0,1,1,1,,40,M,NS,,,
ALFTP20240001167,Accidental Death,15-11-2024,39,39,1000000,480,0,1,1,1,,31,M,NS,,,
ALFTP20240001176,Accidental Death,15-11-2024,31,31,2500000,1200,0,1,1,1,,29,M,S,,,
ALFTP20240001201,Accidental Death,15-11-2024,14,14,1000000,480,0,1,1,1,,46,M,NS,,,
ALFTP20240001216,Accidental Death,15-11-2024,27,27,20000000,9600,0,1,1,1,,33,M,S,,,
ALFTP20240001189,Accidental Death,15-11-2024,25,25,2500000,1200,0,1,1,1,,25,M,S,,,
ALFTP20240001244,Accidental Death,15-11-2024,33,33,4000000,1920,0,1,1,1,,36,M,NS,,,
ALFTP20240001164,Accidental Death,15-11-2024,21,21,10000000,4800,0,1,1,1,,49,M,NS,,,
ALFTP20240001225,Accidental Death,15-11-2024,28,28,3000000,1440,0,1,1,1,,32,M,NS,,,
ALFTP20240001234,Accidental Death,15-11-2024,24,24,1000000,480,0,1,1,1,,31,M,NS,,,
ALFTP20240001220,Accidental Death,15-11-2024,21,21,1000000,480,0,1,1,1,,39,M,NS,,,
ALFTP20240001229,Accidental Death,15-11-2024,41,41,10000000,4800,0,1,1,1,,29,M,S,,,
ALFTP20240001208,Accidental Death,15-11-2024,42,42,1000000,480,0,1,1,1,,28,M,NS,,,
ALFTP20240001232,Accidental Death,15-11-2024,35,35,1000000,480,0,1,1,1,,25,M,NS,,,
ALFTP20240001228,Accidental Death,15-11-2024,36,36,1000000,480,0,1,1,1,,34,M,NS,,,
ALFTP20240001190,Accidental Death,15-11-2024,23,23,2000000,960,0,1,1,1,,32,M,NS,,,
ALFTP20240001233,Accidental Death,15-11-2024,18,18,2500000,1200,0,1,1,1,,42,M,NS,,,
ALFTP20240001169,Accidental Death,15-11-2024,40,40,1000000,480,0,1,1,1,,30,M,S,,,
ALFTP20240001268,Accidental Death,15-11-2024,23,23,2000000,960,0,1,1,1,,37,M,S,,,
ALFTP20240001243,Accidental Death,15-11-2024,5,5,1000000,480,0,1,1,1,,39,M,S,,,
ALFTP20240001188,Accidental Death,15-11-2024,31,31,1000000,480,0,1,1,1,,34,M,S,,,
ALFTP20240001263,Accidental Death,15-11-2024,21,21,2000000,960,0,1,1,1,,44,M,NS,,,
ALFTP20240001294,Accidental Death,15-11-2024,30,30,2000000,960,0,1,1,1,,30,M,S,,,
ALFTP20240001249,Accidental Death,15-11-2024,38,38,3000000,1440,0,1,1,1,,32,M,NS,,,
ALFTP20240001261,Accidental Death,15-11-2024,13,13,1000000,480,0,1,1,1,,47,M,NS,,,
ALFTP20240001278,Accidental Death,15-11-2024,28,28,2000000,960,0,1,1,1,,32,M,NS,,,
ALFTP20240001270,Accidental Death,15-11-2024,37,37,1000000,480,0,1,1,1,,23,M,NS,,,
ALFTP20240001109,Accidental Death,15-10-2024,40,40,1000000,480,0,1,1,1,,20,M,NS,,,
ALFTP20240001347,Accidental Death,15-12-2024,29,29,1000000,480,0,1,1,1,,31,F,S,,,
ALFTP20240001307,Accidental Death,15-12-2024,24,24,6000000,2880,0,1,1,1,,36,M,NS,,,
ALFTP20240001318,Accidental Death,15-12-2024,14,14,1000000,480,0,1,1,1,,46,M,NS,,,
ALFTP20240001310,Accidental Death,15-12-2024,44,44,1000000,480,0,1,1,1,,26,M,NS,,,
ALFTP20240001410,Accidental Death,15-12-2024,37,37,5000000,2400,0,1,1,1,,33,M,NS,,,
ALFTP20240001343,Accidental Death,15-12-2024,12,12,2000000,960,0,1,1,1,,38,M,NS,,,
ALFTP20240001441,Accidental Death,15-12-2024,33,33,5000000,2400,0,1,1,1,,37,M,NS,,,
ALFTP20240001297,Accidental Death,15-12-2024,38,38,10000000,4800,0,1,1,1,,32,M,NS,,,
ALFTP20240001320,Accidental Death,15-12-2024,40,40,5000000,2400,0,1,1,1,,30,M,NS,,,
ALFTP20240001316,Accidental Death,15-12-2024,5,5,1000000,480,0,1,1,1,,46,M,NS,,,
ALFTP20240001309,Accidental Death,15-12-2024,37,37,1000000,480,0,1,1,1,,33,M,NS,,,
ALFTP20240001377,Accidental Death,15-12-2024,5,5,5000000,2400,0,1,1,1,,36,M,NS,,,
ALFTP20240001331,Accidental Death,15-12-2024,28,28,1000000,480,0,1,1,1,,32,M,NS,,,
ALFTP20240001351,Accidental Death,15-12-2024,19,19,4000000,1920,0,1,1,1,,41,M,NS,,,
ALFTP20240001339,Accidental Death,15-12-2024,15,15,1000000,480,0,1,1,1,,45,M,NS,,,
ALFTP20240001337,Accidental Death,15-12-2024,20,20,1000000,480,0,1,1,1,,40,M,NS,,,
ALFTP20240001340,Accidental Death,15-12-2024,25,25,1000000,480,0,1,1,1,,45,M,NS,,,
ALFTP20240001371,Accidental Death,15-12-2024,34,34,10000000,4800,0,1,1,1,,26,M,NS,,,
ALFTP20240001405,Accidental Death,15-12-2024,10,10,1000000,480,0,1,1,1,,50,M,NS,,,
ALFTP20240001341,Accidental Death,15-12-2024,26,26,1000000,480,0,1,1,1,,44,M,S,,,
ALFTP20240001409,Accidental Death,15-12-2024,26,26,1000000,480,0,1,1,1,,37,M,NS,,,
ALFTP20240001346,Accidental Death,15-12-2024,21,21,3000000,1440,0,1,1,1,,29,M,NS,,,
ALFTP20240001356,Accidental Death,15-12-2024,27,27,1000000,480,0,1,1,1,,33,M,S,,,
ALFTP20240001406,Accidental Death,15-12-2024,35,35,5000000,2400,0,1,1,1,,25,M,NS,,,
ALFTP20240001352,Accidental Death,15-12-2024,28,28,1000000,480,0,1,1,1,,32,M,NS,,,
ALFTP20240001348,Accidental Death,15-12-2024,25,25,1000000,480,0,1,1,1,,35,M,NS,,,
ALFTP20240001305,Accidental Death,15-12-2024,15,15,5000000,2400,0,1,1,1,,48,M,NS,,,
ALFTP20240001473,Accidental Death,15-12-2024,26,26,1000000,480,0,1,1,1,,34,M,NS,,,
ALFTP20240001451,Accidental Death,15-12-2024,47,47,1000000,480,0,1,1,1,,23,M,NS,,,
ALFTP20240001357,Accidental Death,15-12-2024,28,28,2000000,960,0,1,1,1,,32,M,S,,,
ALFTP20240001349,Accidental Death,15-12-2024,23,23,1000000,480,0,1,1,1,,37,M,NS,,,
ALFTP20240001461,Accidental Death,15-12-2024,16,16,2000000,960,0,1,1,1,,24,M,NS,,,
ALFTP20240001338,Accidental Death,15-12-2024,28,28,1000000,480,0,1,1,1,,32,M,S,,,
ALFTP20240001369,Accidental Death,15-12-2024,37,37,2500000,1200,0,1,1,1,,28,F,NS,,,
ALFTP20240001422,Accidental Death,15-12-2024,43,43,1000000,480,0,1,1,1,,27,M,NS,,,
ALFTP20240001447,Accidental Death,15-12-2024,20,20,1000000,480,0,1,1,1,,45,M,NS,,,
ALFTP20240001489,Accidental Death,15-12-2024,25,25,2500000,1200,0,1,1,1,,35,M,NS,,,
ALFTP20240001477,Accidental Death,15-12-2024,33,33,2000000,960,0,1,1,1,,27,M,S,,,
ALFTP20240001378,Accidental Death,15-12-2024,31,31,2000000,960,0,1,1,1,,29,M,NS,,,
ALFTP20240001381,Accidental Death,15-12-2024,39,39,1000000,480,0,1,1,1,,31,M,NS,,,
ALFTP20240001435,Accidental Death,15-12-2024,24,24,1000000,480,0,1,1,1,,36,M,NS,,,
ALFTP20240001465,Accidental Death,15-12-2024,37,37,1000000,480,0,1,1,1,,23,M,NS,,,
ALFTP20240001413,Accidental Death,15-12-2024,39,39,1000000,480,0,1,1,1,,31,M,NS,,,
ALFTP20240001462,Accidental Death,15-12-2024,39,39,1000000,480,0,1,1,1,,31,F,NS,,,
ALFTP20240001401,Accidental Death,15-12-2024,34,34,1000000,480,0,1,1,1,,36,M,NS,,,
ALFTP20240001491,Accidental Death,15-12-2024,40,40,5000000,2400,0,1,1,1,,25,M,S,,,
ALFTP20240001455,Accidental Death,15-12-2024,38,38,1000000,480,0,1,1,1,,32,M,S,,,
ALFTP20240001470,Accidental Death,15-12-2024,18,18,1000000,480,0,1,1,1,,42,M,NS,,,
ALFTP20240001466,Accidental Death,15-12-2024,25,25,1000000,480,0,1,1,1,,31,M,NS,,,
ALFTP20240001481,Accidental Death,15-12-2024,45,45,5000000,2400,0,1,1,1,,25,M,NS,,,
ALFTP20240001458,Accidental Death,15-12-2024,41,41,3000000,1440,0,1,1,1,,29,M,NS,,,
ALFTP20240001427,Accidental Death,15-12-2024,31,31,1000000,480,0,1,1,1,,29,M,S,,,
ALFTP20240001463,Accidental Death,15-12-2024,20,20,1000000,480,0,1,1,1,,40,M,S,,,
ALFTP20240001494,Accidental Death,15-12-2024,32,32,1000000,480,0,1,1,1,,28,M,NS,,,
