Policy Number,Product Code,Policy Start Date,Policy Term (Years),Premium Payment Term,Sum Assured,Rider Premium,Base Premium,Rider Option,Premium Frequency,Distribution Channel,Date of Birth,Age at Policy Start,Gender,Smoking Status,Underwriting category/ Medical status,EMR (Extra mortality Rate),Policy Status
ALFTP20240000012,Accidental Death,10-01-2024,18,18,10000000,4800,0,1,1,1,,42,M,NS,,,
ALFTP20240000158,Accidental Death,15-03-2024,26,26,2500000,1200,0,1,1,1,,34,F,NS,,,
ALFTP20240000006,Accidental Death,11-01-2024,27,27,1500000,720,0,1,12,1,,33,M,NS,,,
ALFTP20240000142,Accidental Death,13-03-2024,36,36,2500000,1200,0,1,1,1,,34,M,S,,,
ALFTP20240000027,Accidental Death,15-02-2024,30,30,1000000,480,0,1,1,1,,35,F,NS,,,
Sample 1,Accidental Death,15-03-2024,52,52,"1,00,00,000",4800,0,1,1,1,,18,F,NS,,,
Sample 2,Accidental Death,15-01-2024,18,18,"10,00,000",480,0,1,12,1,,52,M,S,,,
