Policy ID,Product Code,Partner Name,S.no,Premium,Loan Amount,EMI amount,Interest Rate,Mode,Age at Policy Start,PPT,Policy Term (Years),PT (Month),Gender,Smoker,Moratorium Period (months),Interest Accrue,Reducing SA,Sensitivity,Mortality - IALM loading vs flat dedn,Mortality Qx,RPM,Policy start month,Policy start date,EMR (Extra mortality Rate),Policy Status,Distribution Channel
LKART00000232431,GCL,LKART,1273,2207,217000,10215,0.12,1,22,1,2,0,F,NS,0,1,1,1,1,1.2,10.16949171,13,15-12-2023,,,1
LKART00000134462,GCL,LKART,4096,4657,314000,10429,0.12,1,30,1,3,0,F,NS,0,1,1,1,1,1.2,14.8305086,15,15-10-2023,,,1
LKART00000422552,GCL,LKART,473,1581,287000,25500,0.12,1,42,1,1,0,F,NS,0,1,1,1,1,1.2,5.508474564,11,15-02-2024,,,1
LKART00000495702,GCL,LKART,1076,63825,2553000,56790,0.12,1,39,1,5,0,M,NS,0,1,1,1,1,1.2,25,10,15-03-2024,,,1
LKART00000270403,GCL,LKART,2285,79850,3194000,71049,0.12,1,25,1,5,0,M,NS,0,1,1,1,1,1.2,25,12,15-01-2024,,,1
