Policy Number,Product Code,Policy Start Date,Policy Term (Years),Premium Payment Term,Sum Assured,Rider Premium,Base Premium,Rider Option,Premium Frequency,Distribution Channel,Date of Birth,Age at Policy Start,Gender,Smoking Status,Underwriting category/ Medical status,EMR (Extra mortality Rate),Policy Status
ALFTP20240000159,RIDER_CI,15-03-2024,38,38,700000,1063.755018,4747.5,2,1,1,,22,M,NS,,,
ALFTP20240000011,RIDER_CI,11-01-2024,40,40,1000000,4272.358,42680,2,12,1,,30,M,S,,,
ALFTP20240000054,RIDER_CI,14-03-2024,43,43,1000000,1993.53112,18840,2,1,1,,22,F,NS,,,
ALFTP20240000050,RIDER_CI,12-02-2024,20,20,2500000,7167.663585,9045,2,1,1,,35,M,NS,,,
ALFTP20240000049,RIDER_CI,15-02-2024,27,27,5000000,15400.998,41625,2,1,1,,33,M,NS,,,
Sample 1,RIDER_CI,15-02-2024,52,52,"1,00,00,000","19,935",50000,2,12,1,,18,F,NS,,,
Sample 2,RIDER_CI,15-01-2024,18,18,"5,00,000","8,143",20000,2,1,1,,52,M,S,,,
