Policy Number,Product Code,Policy Start Date,Policy Term (Years),Premium Payment Term,Sum Assured,Rider Premium,Base Premium,Rider Option,Premium Frequency,Distribution Channel,Date of Birth,Age at Policy Start,Gender,Smoking Status,Underwriting category/ Medical status,EMR (Extra mortality Rate),Policy Status
ALFTP20240000011,Disability Rider,15-01-2024,40,40,20000000,4293.796538,41393,3,12,1,,30,M,S,12,,
ALFTP20240000158,Disability Rider,15-03-2024,26,26,1000000,22,10298.5,3,1,1,,34,F,NS,10,,
ALFTP20240000009,Disability Rider,15-01-2024,20,20,20000000,465,341200,3,12,1,,50,M,NS,12,,
ALFTP20240000024,Disability Rider,15-02-2024,41,41,1000000,258,21000,3,1,1,,29,M,S,11,,
ALFTP20240000027,Disability Rider,15-02-2024,30,30,2500000,55,16676.5,3,1,1,,35,F,NS,11,,
Extreme Model Point 1,Disability Rider,15-03-2024,52,52,"2,00,00,000",4167,10000,3,1,1,,18,F,NS,10,,
Extreme Model Point 2,Disability Rider,15-03-2024,18,18,"10,00,000",217,5000,3,12,1,,52,M,S,10,,
