Policy Number,Product Code,Policy Start Date,Policy Term (Years),Premium Payment Term,Sum Assured,Premium Amount,Premium Frequency,Distribution Channel,Date of Birth,Age at Policy Start,Gender,Smoking Status,Underwriting category/ Medical status,EMR (Extra mortality Rate),Policy Status
ALFTP20240000043,BASE_TERM,15-02-2024,17,17,25000000,27450,1,1,,38,M,NS,MNS,,
ALFTP20240000132,BASE_TERM,09-03-2024,41,41,5000000,7105,1,1,,29,F,S,TM,,
ALFTP20240000036,BASE_TERM,11-02-2024,33,33,2500000,6992.5,1,1,,37,F,NS,NM,,
ALFTP20240000009,BASE_TERM,10-01-2024,20,20,100000000,341200,12,1,,50,M,NS,MNS,,
ALFTP20240000001,BASE_TERM,13-12-2023,22,22,50000000,10805,12,1,,38,M,S,TM,,
Extreme Model Point 1,BASE_TERM,15-03-2024,52,52,"1,00,00,000","6,120",1,1,,18,M,NS,MNS,,
Extreme Model Point 2,BASE_TERM,15-02-2024,5,5,"25,00,000","11,260",12,1,,65,F,S,TM,,
